Num,TempC,fO2,SiO2,TiO2,Al2O3,FeO,MnO,MgO,CaO,Na2O,K2O,putirka,waters
1,800,1E-10,50.93,1.34,17.52,10.6,0.18,5.37,9.86,2.65,0.7,5.941561848,3.696658808
2,850,1E-10,50.93,1.34,17.52,10.6,0.18,5.37,9.86,2.65,0.7,5.739333548,3.534501482
3,900,1E-10,50.93,1.34,17.52,10.6,0.18,5.37,9.86,2.65,0.7,5.537105248,3.374756685
4,950,1E-10,50.93,1.34,17.52,10.6,0.18,5.37,9.86,2.65,0.7,5.334876949,3.217386595
5,1000,1E-10,50.93,1.34,17.52,10.6,0.18,5.37,9.86,2.65,0.7,5.132648649,3.062360289
6,1050,1E-10,50.93,1.34,17.52,10.6,0.18,5.37,9.86,2.65,0.7,4.930420349,2.909653184
7,1100,1E-10,50.93,1.34,17.52,10.6,0.18,5.37,9.86,2.65,0.7,4.728192049,2.759246432
8,1150,1E-10,50.93,1.34,17.52,10.6,0.18,5.37,9.86,2.65,0.7,4.52596375,2.611126281
9,1200,1E-10,50.93,1.34,17.52,10.6,0.18,5.37,9.86,2.65,0.7,4.32373545,2.465283384
